MANV,TENNV,MACV,MACN,NGAYSINH,GIOITINH,SODT,EMAIL,DIACHI,NGAYVAO,NGAYNGHI
8000,Hoàng Hoài Cường,V7,N1,1998-6-30,0,0965870422,HoangHoaiCuong1998@gmail.com,Vĩnh Long,2021-8-17,2022-3-6
8001,Lê Mạnh Châu,V3,N3,1998-2-24,0,0957813557,LeManhChau1998@gmail.com,Nha Trang,2021-3-23,2022-5-30
8002,Võ Văn Đạt,V12,N14,2000-3-13,1,0966831152,VoVanDat2000@gmail.com,Nha Trang,2021-11-2,2022-11-19
8003,Ông Thị Tiên,V14,N5,2002-3-24,0,0974102570,OngThiTien2002@gmail.com,Tây Ninh,2021-3-9,2022-6-14
8004,Khổng Hữu Trang,V14,N18,2002-10-22,1,0944523610,KhongHuuTrang2002@gmail.com,Cần Thơ,2021-10-27,2022-3-13
8005,Khổng Hoàng Bình,V15,N17,1998-10-16,0,0965832901,KhongHoangBinh1998@gmail.com,Vĩnh Long,2020-12-25,2022-6-8
8006,Võ Anh Danh,V10,N8,2000-12-1,0,0927280255,VoAnhDanh2000@gmail.com,Vĩnh Long,2020-7-17,2023-5-11
8007,Phạm Nhật Phượng,V5,N12,2004-9-25,0,0973061499,PhamNhatPhuong2004@gmail.com,Long An,2020-5-2,2022-5-27
8008,Hoàng Thế Sơn,V10,N16,2000-3-4,0,0951562361,HoangTheSon2000@gmail.com,Phú Yên,2021-12-20,2023-5-22
8009,Nguyễn Nhật Kiều,V14,N7,2001-6-12,1,0967424327,NguyenNhatKieu2001@gmail.com,Ninh Thuận,2020-8-19,2023-11-4
8010,Hoàng Hoàng Anh,V15,N5,1997-3-21,1,0923169031,HoangHoangAnh1997@gmail.com,Nha Trang,2021-1-6,2022-3-21
8011,Trương Hoài Khôi,V11,N19,2002-1-5,1,0941966821,TruongHoaiKhoi2002@gmail.com,Trà Vinh,2020-11-2,2022-10-13
8012,Trịnh Trung Tài,V4,N9,2002-9-25,1,0918337288,TrinhTrungTai2002@gmail.com,Vĩnh Long,2021-3-19,2022-9-28
8013,Trần Anh Trí,V9,N16,1997-4-28,0,0928514453,TranAnhTri1997@gmail.com,Bình Thuận,2021-10-8,2022-3-25
8014,Bùi Minh Nhã,V15,N17,2001-2-14,1,0935483750,BuiMinhNha2001@gmail.com,Long An,2020-6-12,2023-8-9
8015,Phan Quang Đạt,V15,N2,1996-10-2,1,0915997542,PhanQuangDat1996@gmail.com,Nam Định,2021-3-2,2022-2-21
8016,Lê Quang Bích,V10,N1,1996-4-8,1,0958905522,LeQuangBich1996@gmail.com,HCM,2020-9-8,2023-1-3
8017,Ông Minh Nghĩa,V17,N16,1996-3-26,0,0928120339,OngMinhNghia1996@gmail.com,Long An,2020-5-12,2022-7-25
8018,Khổng Ngọc Đức,V9,N8,2003-2-11,1,0955249245,KhongNgocDuc2003@gmail.com,Nha Trang,2020-4-26,2023-1-25
8019,Phạm Gia Tài,V9,N17,1997-10-23,1,0938490085,PhamGiaTai1997@gmail.com,Nha Trang,2021-6-12,2022-6-14
8020,Phạm Ngọc Lợi,V6,N18,2000-6-18,1,0932016982,PhamNgocLoi2000@gmail.com,Tây Ninh,2020-4-10,2022-10-5
8021,Trịnh Văn Nghĩa,V6,N5,2002-10-6,1,0950550951,TrinhVanNghia2002@gmail.com,Vĩnh Long,2021-11-27,2022-5-10
8022,Bùi Hữu Thanh,V9,N17,2002-1-1,1,0972359476,BuiHuuThanh2002@gmail.com,Phú Yên,2020-6-10,2023-2-30
8023,Hoàng Gia Hà,V16,N13,2001-10-13,0,0948879601,HoangGiaHa2001@gmail.com,Tiền Giang,2021-11-28,2022-4-1
8024,Khổng Hoài Sương,V9,N3,2004-12-16,0,0923600758,KhongHoaiSuong2004@gmail.com,HCM,2021-1-1,2023-9-16
8025,Lê Anh Vỹ,V8,N8,2004-8-14,1,0966453193,LeAnhVy2004@gmail.com,Bình Định,2021-3-15,2022-8-5
8026,Lê Minh Vân,V5,N6,2000-4-29,1,0963348863,LeMinhVan2000@gmail.com,Bình Định,2021-9-20,2023-11-13
8027,Trương Hoàng Khanh,V8,N5,2002-12-13,1,0928270450,TruongHoangKhanh2002@gmail.com,Trà Vinh,2021-6-4,2023-7-17
8028,Phan Quang Tài,V17,N11,2005-11-3,1,0923766821,PhanQuangTai2005@gmail.com,Tiền Giang,2021-8-16,2023-5-18
8029,Trần Thị Vân,V1,N4,2003-6-6,0,0935364291,TranThiVan2003@gmail.com,Cần Thơ,2020-5-15,2023-10-21
8030,Trương Anh Khôi,V8,N8,1995-12-14,0,0934722899,TruongAnhKhoi1995@gmail.com,HCM,2020-5-23,2022-3-1
8031,Trần Thế Vân,V16,N7,1999-8-28,0,0917931202,TranTheVan1999@gmail.com,An Giang,2020-1-10,2022-12-9
8032,Lê Quang Bích,V11,N15,2003-12-30,1,0947826551,LeQuangBich2003@gmail.com,Bình Thuận,2020-4-22,2022-9-5
8033,Nguyễn Anh Sương,V6,N9,1998-7-16,0,0916792970,NguyenAnhSuong1998@gmail.com,Long An,2021-11-11,2023-3-23
8034,Hoàng Văn Khải,V15,N6,2002-3-11,1,0960956151,HoangVanKhai2002@gmail.com,Nha Trang,2021-4-29,2023-1-1
8035,Trần Văn Khang,V11,N4,2000-3-29,1,0914093766,TranVanKhang2000@gmail.com,Long An,2020-7-11,2023-1-9
8036,Trần Mạnh Cẩm,V1,N11,1998-11-5,1,0917693352,TranManhCam1998@gmail.com,Vĩnh Long,2020-12-24,2022-6-27
8037,Bùi Nhật Đại,V9,N13,2005-5-27,0,0931500295,BuiNhatDai2005@gmail.com,Vĩnh Long,2020-10-3,2022-2-2
8038,Bùi Minh Sơn,V14,N6,2001-9-1,1,0915227470,BuiMinhSon2001@gmail.com,Tiền Giang,2021-11-26,2022-10-10
8039,Trần Thế Kim,V14,N15,1999-7-21,1,0912572733,TranTheKim1999@gmail.com,Nha Trang,2020-7-22,2023-9-19
8040,Nguyễn Anh Duy,V5,N2,2002-8-14,1,0954904942,NguyenAnhDuy2002@gmail.com,An Giang,2020-7-4,2023-3-15
8041,Khổng Trung Khải,V4,N17,2001-8-6,1,0967748035,KhongTrungKhai2001@gmail.com,Trà Vinh,2021-5-4,2022-8-26
8042,Hoàng Anh Thắng,V1,N11,2004-9-15,1,0949558042,HoangAnhThang2004@gmail.com,Ninh Thuận,2021-9-10,2023-5-4
8043,Lê Thị Thương,V4,N7,1997-9-7,0,0944984597,LeThiThuong1997@gmail.com,HCM,2020-7-16,2022-11-14
8044,Nguyễn Anh Duy,V6,N11,2002-9-13,1,0961066949,NguyenAnhDuy2002@gmail.com,HCM,2020-11-13,2023-1-18
8045,Khổng Thị Anh,V17,N4,1997-5-3,0,0962723430,KhongThiAnh1997@gmail.com,Nha Trang,2020-4-1,2022-3-3
8046,Võ Anh Huỳnh,V17,N14,2000-8-5,0,0959575923,VoAnhHuynh2000@gmail.com,Cần Thơ,2021-5-23,2022-9-1
8047,Lê Thế Bình,V12,N13,2005-3-13,0,0941167261,LeTheBinh2005@gmail.com,Phú Yên,2020-11-15,2022-7-4
8048,Trần Hữu Vân,V10,N1,2000-12-27,1,0917353839,TranHuuVan2000@gmail.com,HCM,2021-6-8,2022-4-11
8049,Trịnh Hữu Chi,V4,N17,1996-7-5,1,0934050422,TrinhHuuChi1996@gmail.com,Vĩnh Long,2021-8-4,2023-9-4
8050,Khổng Quang Tiên,V3,N14,1997-12-5,0,0953516647,KhongQuangTien1997@gmail.com,Tiền Giang,2020-9-27,2023-5-25
8051,Khổng Gia Linh,V15,N7,1996-7-4,1,0929977715,KhongGiaLinh1996@gmail.com,An Giang,2020-6-17,2023-6-4
8052,Nguyễn Văn Vân,V2,N7,1998-11-14,1,0971497429,NguyenVanVan1998@gmail.com,An Giang,2020-7-7,2023-12-3
8053,Bùi Thị Khánh,V3,N1,2005-10-7,0,0958769215,BuiThiKhanh2005@gmail.com,Nha Trang,2020-1-12,2022-12-28
8054,Phạm Thế Trí,V7,N6,1995-11-22,1,0962935603,PhamTheTri1995@gmail.com,Long An,2021-1-7,2022-7-17
8055,Ông Anh Lợi,V15,N4,1997-9-30,1,0937650499,OngAnhLoi1997@gmail.com,Nam Định,2021-2-5,2022-7-21
8056,Trương Nhật Khánh,V17,N19,1996-1-22,1,0968331227,TruongNhatKhanh1996@gmail.com,Bình Định,2021-1-25,2022-2-23
8057,Lê Anh Phượng,V4,N19,1995-5-8,0,0957905612,LeAnhPhuong1995@gmail.com,Phú Yên,2021-11-23,2023-11-22
8058,Hoàng Quang Đại,V1,N5,2001-10-11,1,0914031040,HoangQuangDai2001@gmail.com,HCM,2021-10-28,2023-10-3
8059,Khổng Ngọc Thịnh,V5,N5,2000-4-11,1,0948566000,KhongNgocThinh2000@gmail.com,Ninh Thuận,2021-7-11,2023-7-15
8060,Lê Văn Khải,V7,N4,1999-6-11,1,0945550452,LeVanKhai1999@gmail.com,Cần Thơ,2020-10-1,2022-4-25
8061,Khổng Hoài Hà,V7,N5,1996-12-3,1,0929563336,KhongHoaiHa1996@gmail.com,Trà Vinh,2020-4-8,2023-10-21
8062,Khổng Ngọc Nghĩa,V1,N2,2001-2-24,0,0948908252,KhongNgocNghia2001@gmail.com,Phú Yên,2021-3-30,2022-10-17
8063,Hoàng Ngọc Ngân,V8,N6,1997-9-6,0,0949938965,HoangNgocNgan1997@gmail.com,Bình Định,2020-3-3,2023-6-7
8064,Trịnh Ngọc Nhã,V17,N7,2001-7-7,0,0962514228,TrinhNgocNha2001@gmail.com,HCM,2021-11-21,2023-9-20
8065,Khổng Văn Phúc,V9,N12,1996-10-7,1,0917656579,KhongVanPhuc1996@gmail.com,HCM,2020-1-2,2022-5-1
8066,Trịnh Gia Thương,V15,N4,2004-12-18,1,0952432029,TrinhGiaThuong2004@gmail.com,Long An,2021-1-28,2023-8-27
8067,Trương Minh Linh,V16,N6,1999-1-22,0,0925277727,TruongMinhLinh1999@gmail.com,Nha Trang,2021-7-19,2023-6-26
8068,Hoàng Nhật Bình,V15,N13,2003-10-30,0,0915448301,HoangNhatBinh2003@gmail.com,Vĩnh Long,2020-3-8,2022-2-14
8069,Trịnh Gia Oanh,V7,N6,1997-2-21,0,0976554044,TrinhGiaOanh1997@gmail.com,Nha Trang,2020-9-9,2022-3-21
8070,Phạm Thị Nghĩa,V9,N13,1999-6-18,0,0967414440,PhamThiNghia1999@gmail.com,Bình Định,2021-5-14,2023-4-5
8071,Ông Hữu Thành,V5,N12,2003-11-26,1,0944608555,OngHuuThanh2003@gmail.com,Tiền Giang,2020-1-6,2022-12-29
8072,Khổng Mạnh Như,V7,N2,2005-6-23,0,0961395225,KhongManhNhu2005@gmail.com,Tiền Giang,2020-3-4,2022-8-29
8073,Trần Mạnh Khang,V1,N9,2005-10-22,1,0962033284,TranManhKhang2005@gmail.com,HCM,2020-9-16,2022-1-5
8074,Phan Quang Ngọc,V17,N5,2001-3-26,0,0964665990,PhanQuangNgoc2001@gmail.com,Tiền Giang,2020-11-8,2023-8-15
8075,Ông Thị Sơn,V12,N14,1998-8-17,0,0949943150,OngThiSon1998@gmail.com,Tây Ninh,2020-8-13,2022-1-18
8076,Ông Nhật Vỹ,V13,N17,2000-5-22,0,0936837114,OngNhatVy2000@gmail.com,Phú Yên,2020-1-11,2022-3-1
8077,Võ Trung Lợi,V1,N14,1995-10-20,1,0964929847,VoTrungLoi1995@gmail.com,Bình Định,2021-2-13,2022-7-24
8078,Trương Nhật Kim,V14,N10,1999-9-7,1,0962554261,TruongNhatKim1999@gmail.com,Cần Thơ,2021-4-9,2022-9-10
8079,Phan Ngọc Như,V5,N9,1999-4-3,0,0961096587,PhanNgocNhu1999@gmail.com,Bình Thuận,2020-8-19,2022-9-24
8080,Hoàng Thế Thắng,V1,N14,1998-2-5,1,0970753498,HoangTheThang1998@gmail.com,Bình Thuận,2020-3-25,2022-3-12
8081,Phan Ngọc Bảo,V5,N10,1996-6-27,1,0950350062,PhanNgocBao1996@gmail.com,Bình Thuận,2020-4-26,2023-6-2
8082,Khổng Thị Đức,V10,N14,1999-6-6,0,0964987560,KhongThiDuc1999@gmail.com,Cần Thơ,2020-6-10,2023-10-15
8083,Phan Ngọc Mỹ,V1,N3,1997-12-17,1,0967445960,PhanNgocMy1997@gmail.com,Nha Trang,2021-3-29,2023-2-30
8084,Ông Văn Thắng,V12,N13,2000-7-7,1,0976415352,OngVanThang2000@gmail.com,Tây Ninh,2020-7-13,2023-4-26
8085,Hoàng Anh Tài,V14,N12,2005-5-2,0,0924091641,HoangAnhTai2005@gmail.com,HCM,2021-4-25,2022-8-14
8086,Khổng Văn Sang,V11,N5,1996-2-18,1,0955381456,KhongVanSang1996@gmail.com,Ninh Thuận,2021-8-9,2023-1-2
8087,Lê Văn Phúc,V12,N17,2000-11-8,1,0952969822,LeVanPhuc2000@gmail.com,An Giang,2021-6-20,2022-8-29
8088,Nguyễn Thế Thương,V9,N8,2002-2-3,1,0929971074,NguyenTheThuong2002@gmail.com,Tây Ninh,2021-3-10,2023-12-4
8089,Trần Anh Phượng,V2,N19,2005-11-17,0,0961358528,TranAnhPhuong2005@gmail.com,Nam Định,2020-1-2,2022-10-10
8090,Phan Trung Trí,V17,N4,1999-8-21,1,0958376897,PhanTrungTri1999@gmail.com,Trà Vinh,2021-2-27,2023-1-1
8091,Phạm Hoài Sương,V11,N4,2005-11-12,1,0950524670,PhamHoaiSuong2005@gmail.com,HCM,2021-5-30,2022-11-24
8092,Võ Hoàng Khang,V11,N8,2003-10-22,1,0920349702,VoHoangKhang2003@gmail.com,An Giang,2020-5-7,2023-10-27
8093,Phan Thế Như,V14,N2,2000-7-25,1,0957779627,PhanTheNhu2000@gmail.com,Bình Thuận,2021-9-22,2023-8-22
8094,Hoàng Nhật Dương,V16,N15,2005-8-27,1,0932759507,HoangNhatDuong2005@gmail.com,Ninh Thuận,2021-10-11,2022-3-11
8095,Phan Anh Kiều,V14,N13,2001-5-3,1,0912752260,PhanAnhKieu2001@gmail.com,Trà Vinh,2020-1-15,2023-2-13
8096,Phạm Hoài Vinh,V16,N8,2005-12-27,1,0965111798,PhamHoaiVinh2005@gmail.com,An Giang,2021-8-2,2022-9-11
8097,Phan Trung Nghĩa,V15,N9,2001-12-28,0,0973644581,PhanTrungNghia2001@gmail.com,Nam Định,2020-11-26,2023-3-12
8098,Hoàng Minh Bảo,V12,N1,1999-6-28,1,0971736655,HoangMinhBao1999@gmail.com,Trà Vinh,2021-7-6,2022-8-26
8099,Ông Hoài Như,V16,N14,2000-1-26,0,0936832169,OngHoaiNhu2000@gmail.com,Tây Ninh,2021-5-8,2023-12-19
8100,Trần Trung Thành,V14,N9,1995-6-17,1,0945205451,TranTrungThanh1995@gmail.com,Tây Ninh,2020-7-3,2022-10-16
8101,Ông Thế Vân,V15,N15,1996-7-9,1,0957652310,OngTheVan1996@gmail.com,Long An,2021-11-7,2022-4-7
8102,Khổng Ngọc Hậu,V6,N11,2005-11-16,0,0932097283,KhongNgocHau2005@gmail.com,Phú Yên,2020-1-3,2023-9-13
8103,Lê Trung Duy,V15,N6,2003-8-5,1,0913410137,LeTrungDuy2003@gmail.com,Vĩnh Long,2021-7-14,2022-6-9
8104,Trương Thị Vân,V16,N17,1998-4-15,0,0940591108,TruongThiVan1998@gmail.com,Tây Ninh,2020-1-14,2023-7-25
8105,Trần Minh Dương,V1,N12,2000-6-8,1,0949469836,TranMinhDuong2000@gmail.com,Bình Định,2021-4-18,2023-8-17
8106,Trương Văn Nhã,V3,N13,1999-12-1,1,0953055094,TruongVanNha1999@gmail.com,Ninh Thuận,2021-6-7,2023-5-20
8107,Ông Thị Huỳnh,V8,N16,2001-4-1,0,0955440777,OngThiHuynh2001@gmail.com,Tây Ninh,2021-10-29,2023-2-4
8108,Ông Hoài Anh,V5,N11,1998-11-20,0,0926035555,OngHoaiAnh1998@gmail.com,Tiền Giang,2021-11-21,2023-1-6
8109,Võ Nhật Long,V6,N16,2005-3-8,0,0926343151,VoNhatLong2005@gmail.com,Long An,2020-6-9,2022-4-6
8110,Trương Hoài Thương,V7,N5,2003-2-20,1,0919107997,TruongHoaiThuong2003@gmail.com,Phú Yên,2020-3-3,2023-5-5
8111,Khổng Mạnh Thương,V16,N5,2000-5-15,0,0951059875,KhongManhThuong2000@gmail.com,Cần Thơ,2020-12-12,2023-7-28
8112,Võ Hữu Kiều,V8,N1,1997-10-10,0,0919255904,VoHuuKieu1997@gmail.com,Vĩnh Long,2020-10-22,2022-3-12
8113,Khổng Trung Thanh,V14,N2,2005-1-2,1,0952106657,KhongTrungThanh2005@gmail.com,Long An,2021-3-8,2023-6-20
8114,Trịnh Thị Bích,V13,N18,1997-9-5,0,0940696829,TrinhThiBich1997@gmail.com,Nam Định,2021-1-5,2022-6-23
8115,Võ Thị Lợi,V17,N12,1998-5-11,0,0968440763,VoThiLoi1998@gmail.com,Nam Định,2020-4-26,2022-6-10
8116,Phan Anh Bảo,V7,N1,1997-8-5,1,0942818145,PhanAnhBao1997@gmail.com,An Giang,2021-1-5,2022-7-6
8117,Phạm Trung Long,V8,N5,2000-3-11,0,0935984515,PhamTrungLong2000@gmail.com,Bình Định,2021-8-2,2023-7-7
8118,Bùi Thị Tài,V3,N18,1999-11-7,0,0915712136,BuiThiTai1999@gmail.com,Trà Vinh,2020-5-29,2023-10-12
8119,Trịnh Trung Vy,V7,N5,1996-8-19,1,0955615848,TrinhTrungVy1996@gmail.com,Long An,2020-5-17,2023-4-30
8120,Lê Hoàng Diễm,V11,N13,2004-5-9,1,0935662027,LeHoangDiem2004@gmail.com,Phú Yên,2020-1-26,2023-8-5
8121,Khổng Thế Anh,V13,N4,2001-6-19,1,0942706981,KhongTheAnh2001@gmail.com,Nam Định,2021-12-24,2023-12-6
8122,Ông Văn Sương,V2,N15,2002-12-17,1,0965448941,OngVanSuong2002@gmail.com,Ninh Thuận,2021-7-23,2022-1-17
8123,Trịnh Văn Thành,V16,N6,1996-9-15,1,0912562150,TrinhVanThanh1996@gmail.com,Trà Vinh,2020-2-22,2022-3-28
8124,Trịnh Mạnh Diễm,V2,N6,2005-12-24,1,0966232224,TrinhManhDiem2005@gmail.com,Vĩnh Long,2021-12-25,2022-5-20
8125,Phạm Hoài Thành,V10,N13,1998-8-23,1,0940116381,PhamHoaiThanh1998@gmail.com,Tiền Giang,2020-5-24,2023-9-19
8126,Trần Hoài Thanh,V4,N2,2000-1-21,1,0935166330,TranHoaiThanh2000@gmail.com,An Giang,2021-2-5,2023-6-10
8127,Trần Hoàng Thanh,V13,N8,2001-4-9,0,0923101286,TranHoangThanh2001@gmail.com,Tiền Giang,2021-9-3,2023-1-8
8128,Phạm Văn Thắng,V12,N12,1996-5-13,1,0949206172,PhamVanThang1996@gmail.com,Ninh Thuận,2021-5-12,2023-11-13
8129,Bùi Hữu Bình,V9,N19,2000-6-17,0,0913075437,BuiHuuBinh2000@gmail.com,Bình Thuận,2021-2-27,2022-2-21
8130,Trương Nhật Ngọc,V12,N11,2000-10-14,1,0955142935,TruongNhatNgoc2000@gmail.com,Vĩnh Long,2021-3-8,2022-2-21
8131,Khổng Hoài Kim,V14,N2,1995-11-8,0,0923315233,KhongHoaiKim1995@gmail.com,Tiền Giang,2021-3-23,2022-8-1
8132,Phan Văn Băng,V2,N3,1999-10-18,1,0944315015,PhanVanBang1999@gmail.com,Tây Ninh,2020-1-6,2023-9-3
8133,Phan Mạnh Lợi,V6,N14,1999-5-14,0,0928863925,PhanManhLoi1999@gmail.com,Cần Thơ,2021-5-19,2023-2-17
8134,Trịnh Hoàng Khang,V10,N1,1997-10-5,1,0937411029,TrinhHoangKhang1997@gmail.com,HCM,2021-2-11,2023-10-10
8135,Trịnh Nhật Giang,V7,N10,1998-11-27,0,0975736352,TrinhNhatGiang1998@gmail.com,Nha Trang,2021-8-7,2023-5-15
8136,Trương Văn Anh,V8,N19,1999-11-7,1,0924955547,TruongVanAnh1999@gmail.com,Ninh Thuận,2020-10-9,2023-6-15
8137,Khổng Gia Sang,V10,N2,2004-12-17,0,0968191011,KhongGiaSang2004@gmail.com,Trà Vinh,2021-5-27,2023-7-1
8138,Trịnh Quang Lợi,V16,N8,1995-11-8,1,0937322877,TrinhQuangLoi1995@gmail.com,An Giang,2020-12-4,2022-12-5
8139,Hoàng Hữu Phương,V16,N7,2005-1-8,1,0947726304,HoangHuuPhuong2005@gmail.com,Phú Yên,2021-10-21,2023-1-1
8140,Trương Quang Oanh,V14,N13,2002-7-27,0,0958471277,TruongQuangOanh2002@gmail.com,Bình Thuận,2020-12-10,2023-8-11
8141,Ông Minh Duyên,V12,N16,2002-10-26,0,0969492988,OngMinhDuyen2002@gmail.com,Bình Thuận,2020-1-28,2022-1-21
8142,Trịnh Hoàng Vinh,V7,N5,2002-11-19,1,0968700840,TrinhHoangVinh2002@gmail.com,HCM,2021-6-13,2023-5-20
8143,Võ Hoàng Đại,V8,N17,2001-8-23,0,0953714247,VoHoangDai2001@gmail.com,An Giang,2020-9-25,2023-2-27
8144,Phạm Ngọc Kiều,V4,N6,2005-9-15,0,0951441851,PhamNgocKieu2005@gmail.com,Trà Vinh,2020-12-23,2023-8-16
8145,Bùi Minh Lợi,V7,N10,2004-5-9,0,0930768384,BuiMinhLoi2004@gmail.com,Vĩnh Long,2020-10-3,2022-12-8
8146,Lê Minh Bích,V16,N6,1997-3-1,1,0971465244,LeMinhBich1997@gmail.com,Bình Thuận,2020-3-10,2023-8-30
8147,Trương Mạnh Bảo,V17,N14,1995-9-5,1,0962000902,TruongManhBao1995@gmail.com,Nha Trang,2020-11-25,2022-10-29
8148,Trương Thị Phương,V2,N12,2002-5-29,0,0912938491,TruongThiPhuong2002@gmail.com,Phú Yên,2020-8-5,2022-1-26
8149,Lê Gia Khôi,V16,N13,2005-7-4,1,0945344331,LeGiaKhoi2005@gmail.com,Nha Trang,2021-5-17,2022-2-21
8150,Phạm Thế Lợi,V5,N5,2005-3-30,1,0965298045,PhamTheLoi2005@gmail.com,Tây Ninh,2020-12-4,2022-6-20
8151,Lê Anh Nhã,V13,N1,2005-9-14,0,0914129784,LeAnhNha2005@gmail.com,Ninh Thuận,2021-8-25,2022-4-19
8152,Khổng Nhật Minh,V4,N2,2000-12-20,1,0924791866,KhongNhatMinh2000@gmail.com,Vĩnh Long,2021-3-8,2022-3-22
8153,Khổng Hoài Uyên,V2,N4,1995-9-2,1,0927486656,KhongHoaiUyen1995@gmail.com,Long An,2021-11-22,2023-7-6
8154,Trương Thị Thanh,V13,N6,1996-9-4,0,0948585176,TruongThiThanh1996@gmail.com,Long An,2021-6-11,2023-6-28
8155,Lê Nhật Lợi,V6,N8,2002-12-27,1,0971957440,LeNhatLoi2002@gmail.com,Trà Vinh,2021-2-10,2022-3-1
8156,Trịnh Hoàng Diễm,V15,N18,1997-5-5,0,0928350697,TrinhHoangDiem1997@gmail.com,Long An,2021-3-2,2022-10-6
8157,Phan Gia Châu,V15,N4,1999-5-5,1,0946106541,PhanGiaChau1999@gmail.com,Tiền Giang,2020-9-14,2023-7-19
8158,Khổng Mạnh Mỹ,V2,N1,1995-8-10,1,0933463607,KhongManhMy1995@gmail.com,Bình Thuận,2021-6-15,2023-4-8
8159,Hoàng Minh Châu,V10,N16,2003-1-16,0,0963045346,HoangMinhChau2003@gmail.com,Nha Trang,2021-2-29,2023-11-12
8160,Phạm Hoàng Tiên,V5,N16,1999-8-6,1,0916504431,PhamHoangTien1999@gmail.com,Long An,2021-2-17,2023-10-18
8161,Nguyễn Trung Tiên,V16,N19,2005-3-1,0,0959546160,NguyenTrungTien2005@gmail.com,Nam Định,2021-3-30,2022-6-1
8162,Nguyễn Hoàng Long,V6,N9,1997-4-5,1,0959323566,NguyenHoangLong1997@gmail.com,Cần Thơ,2020-4-7,2022-9-24
8163,Hoàng Trung Hồng,V2,N4,1997-11-17,1,0942461859,HoangTrungHong1997@gmail.com,An Giang,2020-1-16,2022-4-10
8164,Phan Hữu Cường,V12,N9,2001-8-29,1,0942069977,PhanHuuCuong2001@gmail.com,Trà Vinh,2020-12-4,2022-9-25
8165,Võ Hoàng Thịnh,V13,N10,2000-1-27,1,0949745902,VoHoangThinh2000@gmail.com,Nha Trang,2021-11-24,2022-3-9
8166,Phan Hoài Dung,V8,N4,1996-2-1,1,0914938037,PhanHoaiDung1996@gmail.com,HCM,2021-8-26,2022-11-2
8167,Bùi Gia Dương,V9,N16,1999-1-29,0,0922037265,BuiGiaDuong1999@gmail.com,Phú Yên,2021-1-15,2022-4-22
8168,Trịnh Gia Anh,V8,N5,1997-2-1,0,0934850440,TrinhGiaAnh1997@gmail.com,Bình Thuận,2020-7-19,2023-4-25
8169,Võ Nhật Kiều,V15,N3,1999-2-24,0,0913440591,VoNhatKieu1999@gmail.com,Nha Trang,2021-7-15,2023-7-17
8170,Trần Hoàng Châu,V4,N12,2000-8-24,1,0962786345,TranHoangChau2000@gmail.com,Ninh Thuận,2021-5-28,2022-5-19
8171,Võ Trung Đức,V7,N16,2002-10-6,1,0970378842,VoTrungDuc2002@gmail.com,Bình Thuận,2021-9-1,2023-5-12
8172,Trương Thị Vinh,V17,N7,2000-5-9,0,0921682313,TruongThiVinh2000@gmail.com,Trà Vinh,2020-12-4,2023-3-7
8173,Trịnh Mạnh My,V4,N7,2002-5-30,0,0975519664,TrinhManhMy2002@gmail.com,Nam Định,2020-2-21,2023-10-26
8174,Nguyễn Gia Bích,V15,N9,2004-12-28,0,0961446620,NguyenGiaBich2004@gmail.com,Cần Thơ,2021-8-9,2022-10-6
8175,Võ Thị Thắng,V17,N6,2003-5-11,0,0972283865,VoThiThang2003@gmail.com,Ninh Thuận,2020-1-6,2022-5-15
8176,Ông Ngọc Sương,V8,N10,1998-7-10,0,0970500853,OngNgocSuong1998@gmail.com,Bình Thuận,2020-7-13,2022-3-24
8177,Phạm Minh Trang,V16,N12,1998-12-12,0,0947976420,PhamMinhTrang1998@gmail.com,Phú Yên,2020-5-21,2022-3-11
8178,Trương Hoàng Sơn,V6,N4,1996-6-12,1,0972035288,TruongHoangSon1996@gmail.com,An Giang,2020-10-6,2022-4-10
8179,Trương Minh Bảo,V15,N3,1995-5-24,1,0928962299,TruongMinhBao1995@gmail.com,Nha Trang,2020-5-12,2023-8-12
8180,Trịnh Thị Thanh,V16,N14,1996-1-7,0,0939247878,TrinhThiThanh1996@gmail.com,Long An,2021-8-9,2022-12-20
8181,Phan Hoài Dương,V5,N11,2002-7-30,1,0946449538,PhanHoaiDuong2002@gmail.com,Tiền Giang,2020-8-9,2023-9-20
8182,Trần Hữu Kiều,V15,N8,1998-6-8,0,0919404945,TranHuuKieu1998@gmail.com,Bình Thuận,2021-3-4,2022-4-20
8183,Nguyễn Anh Bích,V1,N10,2005-2-8,0,0931057903,NguyenAnhBich2005@gmail.com,Tiền Giang,2020-2-24,2023-12-24
8184,Võ Thị Cường,V12,N16,2001-7-4,0,0965076599,VoThiCuong2001@gmail.com,An Giang,2021-5-18,2023-12-23
8185,Ông Hoàng Bạch,V7,N15,1997-1-30,1,0918931490,OngHoangBach1997@gmail.com,An Giang,2021-7-22,2022-5-20
8186,Trịnh Trung Vân,V9,N16,1999-1-17,0,0968812945,TrinhTrungVan1999@gmail.com,Vĩnh Long,2020-7-18,2022-4-22
8187,Võ Mạnh Duy,V14,N18,2005-10-23,1,0961362627,VoManhDuy2005@gmail.com,Bình Thuận,2020-8-7,2022-5-13
8188,Khổng Thị Phượng,V10,N16,2005-4-10,0,0916988968,KhongThiPhuong2005@gmail.com,Ninh Thuận,2020-11-6,2022-6-27
8189,Phạm Ngọc Dung,V16,N15,2000-1-6,1,0930304726,PhamNgocDung2000@gmail.com,Phú Yên,2020-2-29,2022-11-3
8190,Trần Trung Phượng,V17,N4,1998-3-9,0,0971258873,TranTrungPhuong1998@gmail.com,Long An,2020-8-2,2023-10-27
8191,Trần Hữu Ánh,V5,N6,2000-9-5,1,0919085158,TranHuuAnh2000@gmail.com,Vĩnh Long,2020-6-28,2023-1-2
8192,Lê Hoàng Phú,V17,N5,2004-3-5,1,0933966302,LeHoangPhu2004@gmail.com,Cần Thơ,2020-2-24,2022-2-12
8193,Trần Ngọc Đạt,V9,N2,1999-4-27,0,0923477694,TranNgocDat1999@gmail.com,Trà Vinh,2020-7-2,2022-7-1
8194,Phạm Gia Minh,V11,N4,2000-6-18,1,0965250496,PhamGiaMinh2000@gmail.com,Vĩnh Long,2021-6-11,2022-2-7
8195,Trần Mạnh Giang,V10,N14,1996-5-18,0,0965209828,TranManhGiang1996@gmail.com,Nha Trang,2020-5-19,2023-6-3
8196,Nguyễn Anh Nhã,V10,N3,2005-3-11,1,0974869198,NguyenAnhNha2005@gmail.com,Phú Yên,2021-1-13,2023-12-30
8197,Phạm Minh Khang,V3,N1,2003-1-25,1,0916432657,PhamMinhKhang2003@gmail.com,Nha Trang,2021-8-29,2023-5-18
8198,Võ Gia Dung,V7,N13,2000-12-16,1,0972605285,VoGiaDung2000@gmail.com,Cần Thơ,2021-8-11,2022-6-28
8199,Trương Văn Danh,V10,N5,2002-6-13,1,0937866009,TruongVanDanh2002@gmail.com,Bình Thuận,2020-1-2,2022-4-2
8200,Trịnh Quang Khang,V11,N13,2004-2-9,1,0972321591,TrinhQuangKhang2004@gmail.com,Trà Vinh,2020-11-6,2022-1-7
8201,Ông Thế Thắng,V4,N15,2005-8-26,0,0915019154,OngTheThang2005@gmail.com,Tiền Giang,2021-7-8,2022-7-24
8202,Nguyễn Hữu Bình,V10,N7,1997-8-20,0,0973070866,NguyenHuuBinh1997@gmail.com,Cần Thơ,2021-9-24,2022-1-8
8203,Phan Mạnh Đạt,V1,N1,2004-4-14,0,0925177403,PhanManhDat2004@gmail.com,HCM,2020-6-17,2023-5-8
8204,Ông Hoàng Đạt,V5,N1,2000-11-9,1,0926534278,OngHoangDat2000@gmail.com,Tiền Giang,2020-1-19,2022-11-3
8205,Lê Hữu Lợi,V9,N6,2000-7-4,0,0948554179,LeHuuLoi2000@gmail.com,Vĩnh Long,2020-12-28,2022-9-10
8206,Trương Gia Vân,V2,N4,2004-8-22,1,0956764240,TruongGiaVan2004@gmail.com,Nha Trang,2020-1-23,2022-12-29
8207,Lê Hoàng Phúc,V1,N4,1997-1-21,0,0958756194,LeHoangPhuc1997@gmail.com,Nha Trang,2020-1-26,2022-11-23
8208,Ông Hoàng Khải,V16,N2,1996-7-27,1,0974903323,OngHoangKhai1996@gmail.com,Tiền Giang,2020-1-21,2023-10-16
8209,Võ Văn Cường,V13,N12,1995-12-23,1,0938744664,VoVanCuong1995@gmail.com,An Giang,2021-2-19,2022-3-1
8210,Bùi Anh Tiên,V11,N10,2002-1-13,1,0955463127,BuiAnhTien2002@gmail.com,Bình Thuận,2020-5-8,2023-1-1
8211,Võ Hoài Lợi,V16,N10,2000-7-21,1,0959802106,VoHoaiLoi2000@gmail.com,Nha Trang,2021-12-4,2023-9-19
8212,Bùi Trung Danh,V12,N2,1995-7-19,1,0934495011,BuiTrungDanh1995@gmail.com,Ninh Thuận,2021-5-3,2023-9-18
8213,Bùi Nhật Sương,V4,N5,2002-2-3,1,0933446658,BuiNhatSuong2002@gmail.com,Tiền Giang,2021-4-22,2022-6-20
8214,Võ Hoàng Trang,V17,N3,2002-3-1,0,0969674793,VoHoangTrang2002@gmail.com,Vĩnh Long,2021-9-10,2022-1-19
8215,Hoàng Hoàng Minh,V13,N11,2003-10-19,1,0922657098,HoangHoangMinh2003@gmail.com,Bình Định,2021-6-27,2023-3-11
8216,Lê Hoàng Duy,V4,N17,2004-12-20,0,0912671277,LeHoangDuy2004@gmail.com,Bình Định,2021-7-1,2022-1-6
8217,Phạm Hoàng Nghĩa,V3,N14,2003-3-30,1,0927994890,PhamHoangNghia2003@gmail.com,Tây Ninh,2021-6-19,2022-12-20
8218,Lê Thế Khang,V12,N1,2003-12-4,1,0922594843,LeTheKhang2003@gmail.com,An Giang,2021-5-19,2022-4-16
8219,Trương Thế Minh,V8,N16,1997-3-24,0,0941150300,TruongTheMinh1997@gmail.com,Trà Vinh,2021-8-7,2022-11-20
8220,Ông Anh Mỹ,V10,N15,2004-3-29,1,0972401669,OngAnhMy2004@gmail.com,Nam Định,2021-12-4,2023-12-26
8221,Trần Hữu Sang,V7,N13,2003-2-19,0,0924990213,TranHuuSang2003@gmail.com,Cần Thơ,2021-12-9,2022-7-23
8222,Hoàng Anh Kiều,V13,N17,2000-5-2,1,0913523236,HoangAnhKieu2000@gmail.com,Bình Thuận,2021-11-8,2023-8-19
8223,Phan Anh Thanh,V13,N8,2005-2-28,0,0940106784,PhanAnhThanh2005@gmail.com,Nha Trang,2021-8-4,2023-5-24
8224,Trịnh Minh Sương,V17,N17,1999-6-29,0,0955576779,TrinhMinhSuong1999@gmail.com,Nha Trang,2020-4-13,2023-10-3
8225,Bùi Anh Tiên,V6,N13,2004-10-12,0,0925614829,BuiAnhTien2004@gmail.com,Ninh Thuận,2021-9-16,2023-1-8
8226,Nguyễn Thế Dương,V7,N3,2004-6-28,1,0948395236,NguyenTheDuong2004@gmail.com,Tây Ninh,2021-12-30,2023-3-7
8227,Khổng Thế Oanh,V2,N17,2003-3-6,0,0958395660,KhongTheOanh2003@gmail.com,Trà Vinh,2020-5-17,2023-3-15
8228,Nguyễn Quang Ân,V6,N5,1998-3-30,1,0971589551,NguyenQuangAn1998@gmail.com,Bình Định,2021-8-20,2022-12-19
8229,Khổng Nhật Nghĩa,V2,N12,2001-2-29,1,0925064482,KhongNhatNghia2001@gmail.com,Nam Định,2021-8-4,2022-1-7
8230,Hoàng Văn Kim,V6,N5,1997-2-30,1,0964208273,HoangVanKim1997@gmail.com,Bình Định,2020-12-17,2023-7-3
8231,Nguyễn Hữu Dung,V16,N12,2003-12-11,0,0974753076,NguyenHuuDung2003@gmail.com,Vĩnh Long,2021-11-23,2022-8-16
8232,Trần Trung Thanh,V9,N11,1997-1-10,0,0936169789,TranTrungThanh1997@gmail.com,Ninh Thuận,2020-9-2,2023-3-24
8233,Võ Văn Đại,V1,N15,2001-12-4,1,0926660449,VoVanDai2001@gmail.com,Phú Yên,2021-11-22,2022-1-18
8234,Lê Gia Ngọc,V4,N8,2001-1-4,1,0966032760,LeGiaNgoc2001@gmail.com,Nam Định,2021-7-21,2023-5-11
8235,Phan Hoài Bích,V9,N19,1999-4-6,1,0931768433,PhanHoaiBich1999@gmail.com,Ninh Thuận,2020-5-3,2022-6-19
8236,Võ Anh Chi,V15,N18,1997-2-30,0,0937115400,VoAnhChi1997@gmail.com,Trà Vinh,2021-8-10,2023-8-10
8237,Bùi Quang Thanh,V2,N12,1997-11-8,0,0954475315,BuiQuangThanh1997@gmail.com,Bình Định,2020-8-7,2023-7-1
8238,Trương Mạnh Tài,V15,N12,2002-1-8,0,0969404004,TruongManhTai2002@gmail.com,An Giang,2021-11-18,2022-4-17
8239,Võ Hoàng Thắng,V4,N1,1998-2-2,0,0947312982,VoHoangThang1998@gmail.com,Long An,2020-10-27,2022-12-28
8240,Trương Hoài Tài,V9,N14,2004-10-27,0,0918539935,TruongHoaiTai2004@gmail.com,Bình Định,2021-3-27,2022-7-25
8241,Võ Ngọc Linh,V2,N15,2004-1-8,0,0940202113,VoNgocLinh2004@gmail.com,Ninh Thuận,2020-7-30,2023-12-14
8242,Ông Trung Minh,V7,N1,2004-2-28,0,0915264974,OngTrungMinh2004@gmail.com,Cần Thơ,2021-2-15,2022-12-7
8243,Trịnh Mạnh Bích,V17,N8,2002-1-2,1,0953291172,TrinhManhBich2002@gmail.com,Vĩnh Long,2021-2-4,2023-2-8
8244,Phan Hoài Hồng,V10,N15,2002-2-6,0,0917292363,PhanHoaiHong2002@gmail.com,HCM,2020-7-2,2023-9-29
8245,Lê Hoài Phương,V4,N16,2005-8-6,0,0918872947,LeHoaiPhuong2005@gmail.com,HCM,2021-9-22,2022-2-14
8246,Trương Thế Thịnh,V12,N18,2000-4-29,1,0936449388,TruongTheThinh2000@gmail.com,Vĩnh Long,2020-8-30,2023-2-13
8247,Ông Ngọc Thành,V10,N15,2002-10-4,1,0972723521,OngNgocThanh2002@gmail.com,An Giang,2020-12-15,2022-6-8
8248,Trương Hoàng Mỹ,V13,N15,2004-8-25,1,0935952971,TruongHoangMy2004@gmail.com,An Giang,2021-2-24,2023-6-29
8249,Trịnh Trung Châu,V6,N7,1999-2-17,0,0923197291,TrinhTrungChau1999@gmail.com,Nha Trang,2020-1-14,2023-11-10
8250,Bùi Hoài Thắng,V5,N15,2001-2-3,1,0937639967,BuiHoaiThang2001@gmail.com,Bình Thuận,2021-10-29,2023-10-20
8251,Nguyễn Hữu Phượng,V9,N6,1998-3-9,0,0936545086,NguyenHuuPhuong1998@gmail.com,Vĩnh Long,2020-12-6,2023-4-22
8252,Khổng Nhật Như,V15,N12,2002-2-17,1,0929774578,KhongNhatNhu2002@gmail.com,An Giang,2020-5-14,2022-3-27
8253,Phạm Thế Hậu,V4,N18,2004-3-26,1,0923289916,PhamTheHau2004@gmail.com,Trà Vinh,2021-8-6,2023-6-26
8254,Trần Quang Vỹ,V17,N15,2000-7-16,1,0966523817,TranQuangVy2000@gmail.com,Bình Định,2021-5-17,2023-12-26
8255,Võ Nhật Minh,V9,N12,1995-5-17,0,0936703585,VoNhatMinh1995@gmail.com,An Giang,2020-7-6,2023-7-8
8256,Lê Hoàng My,V17,N3,2001-12-5,1,0954300037,LeHoangMy2001@gmail.com,Nha Trang,2020-12-3,2022-2-24
8257,Ông Thế Vy,V1,N11,1996-11-4,0,0940101949,OngTheVy1996@gmail.com,Nha Trang,2020-10-26,2022-12-24
8258,Trịnh Mạnh Bích,V9,N6,2002-7-28,0,0969018120,TrinhManhBich2002@gmail.com,Vĩnh Long,2021-1-30,2022-10-18
8259,Bùi Minh Minh,V10,N6,1996-12-23,0,0958504478,BuiMinhMinh1996@gmail.com,Tây Ninh,2020-7-30,2023-10-18
8260,Võ Văn Anh,V1,N11,1995-7-2,1,0976414506,VoVanAnh1995@gmail.com,An Giang,2020-5-26,2022-2-24
8261,Trịnh Thị Kiều,V13,N4,1996-11-21,0,0974843290,TrinhThiKieu1996@gmail.com,Vĩnh Long,2021-3-5,2022-8-25
8262,Ông Trung Ánh,V9,N11,2001-11-23,1,0913604180,OngTrungAnh2001@gmail.com,Long An,2020-6-17,2022-7-21
8263,Phạm Trung Đạt,V5,N6,2004-3-2,0,0941419919,PhamTrungDat2004@gmail.com,Trà Vinh,2021-7-19,2023-10-21
8264,Võ Nhật Bạch,V14,N11,2000-3-12,1,0928112192,VoNhatBach2000@gmail.com,Trà Vinh,2020-9-18,2023-9-22
8265,Võ Trung Vân,V10,N16,1995-2-30,0,0938171566,VoTrungVan1995@gmail.com,Tây Ninh,2021-3-16,2023-3-10
8266,Phạm Trung Sương,V2,N19,2000-6-10,0,0924053107,PhamTrungSuong2000@gmail.com,Vĩnh Long,2021-10-11,2022-2-4
8267,Phạm Nhật Ngân,V6,N17,2000-4-4,0,0956796512,PhamNhatNgan2000@gmail.com,Ninh Thuận,2021-3-2,2023-3-21
8268,Hoàng Anh Vy,V11,N15,1996-11-13,1,0961433870,HoangAnhVy1996@gmail.com,Nha Trang,2020-4-17,2022-9-21
8269,Trần Hữu Linh,V1,N3,2002-2-8,1,0970962881,TranHuuLinh2002@gmail.com,Nam Định,2021-5-17,2023-3-4
8270,Lê Ngọc Khang,V9,N19,1996-8-17,0,0961398391,LeNgocKhang1996@gmail.com,Ninh Thuận,2021-9-27,2022-1-1
8271,Nguyễn Nhật Vinh,V2,N12,2002-4-13,1,0950615556,NguyenNhatVinh2002@gmail.com,An Giang,2020-6-20,2022-5-9
8272,Ông Gia Phượng,V16,N1,1995-4-11,0,0920866909,OngGiaPhuong1995@gmail.com,Trà Vinh,2020-7-30,2022-6-9
8273,Trịnh Hoài Bình,V10,N8,1995-5-5,1,0951087600,TrinhHoaiBinh1995@gmail.com,HCM,2020-6-10,2023-7-20
8274,Trịnh Hoàng Như,V12,N6,2003-7-17,0,0933090670,TrinhHoangNhu2003@gmail.com,An Giang,2021-12-25,2022-9-25
8275,Nguyễn Trung Tài,V13,N5,1997-9-14,0,0942154399,NguyenTrungTai1997@gmail.com,Vĩnh Long,2021-4-19,2022-2-16
8276,Võ Anh Đại,V5,N5,1996-6-19,1,0971259098,VoAnhDai1996@gmail.com,Nha Trang,2020-4-7,2022-9-5
8277,Trịnh Hoài Như,V8,N9,2001-6-8,1,0944854588,TrinhHoaiNhu2001@gmail.com,Bình Thuận,2020-7-3,2022-10-3
8278,Lê Thị Giang,V15,N7,2004-2-23,0,0947560018,LeThiGiang2004@gmail.com,Bình Thuận,2021-6-26,2023-12-29
8279,Trần Hoài Minh,V2,N13,2005-3-23,1,0968535679,TranHoaiMinh2005@gmail.com,Trà Vinh,2021-3-10,2022-5-21
8280,Bùi Ngọc Khánh,V15,N12,2004-4-23,1,0928882710,BuiNgocKhanh2004@gmail.com,Ninh Thuận,2021-3-8,2022-7-13
8281,Võ Hoàng Bích,V3,N19,2004-5-14,0,0921214117,VoHoangBich2004@gmail.com,HCM,2020-6-25,2023-11-23
8282,Trần Thị Nhi,V8,N18,1997-12-24,0,0951549241,TranThiNhi1997@gmail.com,Nha Trang,2021-3-28,2022-10-13
8283,Phan Thị Châu,V3,N13,2000-8-27,0,0926868596,PhanThiChau2000@gmail.com,Tiền Giang,2020-6-19,2022-2-24
8284,Hoàng Trung Nghĩa,V10,N9,1998-10-21,0,0966081216,HoangTrungNghia1998@gmail.com,Bình Thuận,2020-4-19,2023-6-22
8285,Lê Mạnh Tiên,V1,N6,2002-2-13,1,0920981374,LeManhTien2002@gmail.com,Cần Thơ,2021-5-17,2022-10-11
8286,Phạm Thị Kim,V12,N17,1996-5-10,0,0932443009,PhamThiKim1996@gmail.com,An Giang,2021-5-1,2022-7-19
8287,Khổng Quang Sơn,V16,N13,1996-9-25,0,0931325684,KhongQuangSon1996@gmail.com,Tây Ninh,2020-7-10,2022-9-28
8288,Ông Văn Giang,V13,N8,1996-2-2,1,0964503184,OngVanGiang1996@gmail.com,Phú Yên,2020-8-21,2022-2-16
8289,Ông Thị Đạt,V17,N9,2002-4-22,0,0938875047,OngThiDat2002@gmail.com,An Giang,2021-5-4,2022-7-29
8290,Trần Văn Long,V9,N9,2002-10-1,1,0941158535,TranVanLong2002@gmail.com,HCM,2020-1-14,2022-3-6
8291,Lê Hữu An,V17,N16,2004-12-30,0,0938803524,LeHuuAn2004@gmail.com,Long An,2021-9-20,2023-7-11
8292,Nguyễn Trung Hà,V10,N16,2005-12-27,0,0951617977,NguyenTrungHa2005@gmail.com,Nha Trang,2021-4-28,2023-5-24
8293,Hoàng Thế Nhã,V15,N9,2002-5-4,0,0943619508,HoangTheNha2002@gmail.com,Ninh Thuận,2020-9-4,2023-5-30
8294,Phạm Văn Anh,V3,N5,2004-11-17,1,0914339638,PhamVanAnh2004@gmail.com,Tây Ninh,2020-10-12,2022-4-28
8295,Khổng Văn Phú,V14,N17,1996-8-10,1,0965668562,KhongVanPhu1996@gmail.com,Tiền Giang,2021-8-4,2023-9-13
8296,Khổng Thế Chi,V3,N4,2001-1-24,0,0942187717,KhongTheChi2001@gmail.com,Bình Định,2020-1-28,2022-3-18
8297,Trần Minh Đức,V7,N4,1999-12-11,0,0937511901,TranMinhDuc1999@gmail.com,Tây Ninh,2020-3-15,2023-7-8
8298,Bùi Hữu Duyên,V5,N5,2005-9-19,0,0946196527,BuiHuuDuyen2005@gmail.com,Tây Ninh,2020-9-2,2022-9-15
8299,Hoàng Anh Chi,V6,N15,1996-10-3,0,0972429333,HoangAnhChi1996@gmail.com,Cần Thơ,2020-2-11,2023-1-16
